SKEWNESS,META,RESERVATION HEURISTIC
2,0.7767,0.7762
4,0.762,0.7458
6,0.7538,0.7325
8,0.7451,0.7251
10,0.7377,0.7216
16,0.7361,0.7143
local,0.792714170955559
local,0.7601815229394534
local,0.7436228530519163
local,0.730316958460455
local,0.7271200074846101
local,0.7070540861522054
reserve_heuristic2,0.7783
